name,year,program,cgpa,attendance,python,sql,machine_learning,data_analyst,dsa,technical_projects,internship,github,hackathon,interview_practice,coding_problems,resume,mock_interview,technical_confidence,job_confidence,preparation_hours,entry_level_skills,job_readiness
Saurabh ,2nd Year,BSC AIML,9.46,90-100,Intermediate,Basic,Basic,Advanced,Intermediate,2,Yes,Yes,No,Frequently,26-50,Yes,Yes,High,Confident,1-3,Yes,Job Ready
mayur somnath gadakh ,2nd Year,BSC AIML,7.86,90-100,Advanced,Intermediate,Intermediate,Intermediate,Intermediate,2,Yes,Yes,Yes,Sometimes,1-25,Yes,Yes,Average,Neutral,1-3,Partially,Not Job Ready
Sahil D Talekar,2nd Year,BSC AIML,8.0,80-90,Intermediate,Intermediate,Basic,Basic,Basic,1,No,No,Yes,Rarely,51-100,Yes,No,Average,Very Confident,1-3,Partially,Needs Improvement
Sahil Rohidas Bavale ,2nd Year,BSC AIML,7.5,30-40,Basic,Beginner,Basic,Basic,Basic,1,Yes,Yes,No,Sometimes,1-25,Yes,Yes,Average,Confident,1-3,Partially,Not Job Ready
Dnyaneshwari Arude,2nd Year,BSC AIML,8.0,90-100,Basic,Beginner,Beginner,Basic,Basic,1,Yes,No,No,Never,1-25,Yes,No,Low,Not confident,0,No,Not Job Ready
Shruti Sandeep Gadhave ,2nd Year,BSC AIML,8.43,80-90,Advanced,Intermediate,Basic,Intermediate,Intermediate,1,Yes,Yes,No,Sometimes,1-25,Yes,No,Average,Neutral,1-3,Partially,Needs Improvement
Aditya ,2nd Year,BSC AIML,9.46,90-100,Intermediate,Basic,Basic,Basic,Basic,2,Yes,Yes,Yes,Sometimes,26-50,No,No,Average,Neutral,1-3,Partially,Needs Improvement
Gamer aditya,2nd Year,BSC AIML,9.0,80-90,Intermediate,Beginner,Beginner,Beginner,Beginner,1,Yes,No,No,Never,1-25,No,No,Very Low,Not confident,0,No,Not Job Ready
Thorat Abhinav Rahul ,3rd Year,BSC Computer Science,8.7,80-90,Advanced,Advanced,Intermediate,Advanced,Advanced,3,Yes,Yes,No,Regularly,More than 100,Yes,Yes,Low,Not confident,1-3,Yes,Job Ready
Avishkar Kashid ,2nd Year,BSC AIML,8.75,60-70,Intermediate,Beginner,Beginner,Basic,Basic,2,Yes,No,Yes,Sometimes,1-25,No,No,Average,Neutral,0,Partially,Needs Improvement
Shailesh Anand Bahirat ,2nd Year,BSC AIML,9.09,70-80,Intermediate,Basic,Intermediate,Intermediate,Basic,More than 3,Yes,Yes,Yes,Rarely,26-50,Yes,No,Average,Neutral,4-7,Partially,Needs Improvement
Lokesh Goregaonkar ,2nd Year,BSC AIML,9.11,70-80,Intermediate,Beginner,Basic,Beginner,Intermediate,1,Yes,No,Yes,Never,51-100,Yes,Yes,Average,Very Confident,4-7,Yes,Needs Improvement
Suyash Padir,2nd Year,B.Tech,9.75,90-100,Basic,Basic,Basic,Basic,Basic,1,No,Yes,Yes,Sometimes,1-25,Yes,No,Average,Confident,8-12,Yes,Not Job Ready
Tanishka Said,2nd Year,BSC AIML,8.87,80-90,Basic,Beginner,Beginner,Basic,Basic,1,Yes,Yes,Yes,Rarely,1-25,Yes,No,Low,Confident,0,Partially,Needs Improvement
Sarthak gohad,2nd Year,BSC CDS,9.0,70-80,Intermediate,Beginner,Basic,Basic,Basic,1,No,No,Yes,Rarely,More than 100,No,No,High,Confident,1-3,Yes,Job Ready
Mahesh Khatane ,2nd Year,BSC IT,9.42,80-90,Basic,Basic,Beginner,Basic,Beginner,1,Yes,No,Yes,Never,1-25,No,No,Average,Neutral,1-3,Partially,Not Job Ready
Sanjay Suthar,2nd Year,BSC AIML,9.2,70-80,Basic,Basic,Basic,Basic,Basic,1,Yes,No,Yes,Never,1-25,No,No,Low,Neutral,1-3,Partially,Needs Improvement
Kharanshu Pande,2nd Year,B.E,9.59,80-90,Basic,Basic,Beginner,Basic,Basic,1,No,No,Yes,Sometimes,51-100,No,No,Low,Confident,1-3,No,Not Job Ready
Siddhi Subhash Khilari ,2nd Year,BSC AIML,9.48,80-90,Intermediate,Beginner,Beginner,Basic,Advanced,1,No,Yes,Yes,Sometimes,More than 100,No,No,Average,Very Confident,4-7,Partially,Needs Improvement
Jay Kakade,2nd Year,BSC AIML,9.5,70-80,Intermediate,Beginner,Beginner,Basic,Basic,1,Yes,No,Yes,Rarely,1-25,Yes,No,Average,Neutral,1-3,Partially,Needs Improvement
Kore Kartik Mallikarjun ,2nd Year,BSC CDS,8.0,90-100,Beginner,Beginner,Beginner,Beginner,Beginner,1,No,No,No,Never,0,No,No,Very Low,Not confident,0,No,Not Job Ready
Rushabh R Lawande ,2nd Year,BSC AIML,7.5,80-90,Basic,Basic,Basic,Basic,Basic,2,Yes,Yes,Yes,Sometimes,1-25,Yes,No,Average,Confident,4-7,Partially,Job Ready
Nachiket walke ,2nd Year,BSC AIML,8.43,90-100,Advanced,Basic,Intermediate,Advanced,Advanced,More than 3,Yes,No,Yes,Sometimes,More than 100,No,No,High,Neutral,1-3,No,Not Job Ready
Yash Kiran Bombe ,2nd Year,BSC AIML,9.1,90-100,Advanced,Intermediate,Advanced,Intermediate,Basic,3,Yes,No,Yes,Sometimes,1-25,No,No,Average,Confident,1-3,Yes,Needs Improvement
Atharva Maid,2nd Year,B.Tech,8.43,70-80,Beginner,Beginner,Beginner,Beginner,Beginner,1,No,No,No,Never,0,No,No,Very High,Very Confident,More than 12 hours,Yes,Job Ready
Kunal Gawade,2nd Year,BSC AIML,8.32,90-100,Intermediate,Basic,Intermediate,Advanced,Advanced,More than 3,No,Yes,Yes,Never,26-50,No,No,Average,Confident,1-3,Partially,Needs Improvement
Ishwari,2nd Year,B.Tech,8.56,80-90,Basic,Basic,Beginner,Basic,Basic,1,No,No,Yes,Sometimes,1-25,Yes,No,Average,Neutral,1-3,Partially,Needs Improvement
Nisha,3rd Year,B.E,8.29,60-70,Intermediate,Basic,Basic,Basic,Basic,1,No,No,No,Frequently,0,No,No,High,Neutral,0,Partially,Not Job Ready
Akshay,4th Year,B.Tech,7.56,40-50,Intermediate,Intermediate,Intermediate,Intermediate,Intermediate,1,Yes,No,Yes,Frequently,0,Yes,Yes,High,Confident,0,Yes,Not Job Ready
Alfiya,1st Year,B.E,8.89,80-90,Beginner,Basic,Beginner,Beginner,Beginner,1,Yes,Yes,Yes,Rarely,0,Yes,Yes,Low,Neutral,0,Yes,Needs Improvement
Neha,4th Year,B.Tech,6.77,70-80,Advanced,Intermediate,Intermediate,Basic,Basic,3,Yes,Yes,Yes,Sometimes,26-50,Yes,Yes,Average,Very Confident,4-7,Partially,Job Ready
Alok,3rd Year,BCA,7.34,70-80,Intermediate,Basic,Beginner,Beginner,Beginner,1,Yes,No,No,Rarely,1-25,Yes,No,Average,Confident,0,Partially,Needs Improvement
Simran,4th Year,BSC CDS,8.09,40-50,Beginner,Beginner,Beginner,Beginner,Beginner,1,No,No,No,Sometimes,0,No,No,Very Low,Neutral,0,No,Not Job Ready
Harshad,4th Year,B.Tech,9.2,80-90,Intermediate,Intermediate,Intermediate,Intermediate,Basic,1,No,No,No,Never,0,Yes,Yes,High,Confident,1-3,Yes,Job Ready
Soham,4th Year,B.Tech,6.89,60-70,Basic,Intermediate,Basic,Beginner,Beginner,3,Yes,Yes,Yes,Sometimes,26-50,Yes,Yes,Average,Neutral,1-3,Yes,Job Ready
Amit,3rd Year,Other,6.87,40-50,Intermediate,Intermediate,Basic,Beginner,Basic,1,Yes,Yes,Yes,Rarely,26-50,Yes,No,High,Confident,4-7,Yes,Job Ready
Sampada,1st Year,BSC IT,8.43,70-80,Intermediate,Basic,Beginner,Beginner,Beginner,2,No,No,No,Sometimes,1-25,Yes,Yes,High,Confident,0,Partially,Job Ready
Jubin ,1st Year,BSC Computer Science,9.31,80-90,Intermediate,Beginner,Basic,Basic,Intermediate,2,Yes,Yes,Yes,Never,0,No,No,Very Low,Not confident,0,No,Not Job Ready
Shivam,3rd Year,BCA,7.0,50-60,Beginner,Beginner,Basic,Basic,Intermediate,1,Yes,Yes,Yes,Sometimes,1-25,Yes,Yes,High,Confident,1-3,Yes,Job Ready
Disha,4th Year,B.Tech,8.06,80-90,Intermediate,Advanced,Advanced,Advanced,Advanced,More than 3,Yes,Yes,Yes,Sometimes,1-25,Yes,Yes,Very Low,Not confident,4-7,Yes,Job Ready
Saurabh ,3rd Year,BSC AIML,9.89,80-90,Intermediate,Intermediate,Intermediate,Intermediate,Basic,3,Yes,Yes,Yes,Frequently,26-50,Yes,Yes,High,Confident,1-3,Yes,Job Ready
Shubham,4th Year,B.Tech,9.23,90-100,Advanced,Advanced,Advanced,Advanced,Intermediate,More than 3,Yes,Yes,Yes,Frequently,51-100,Yes,Yes,Very Low,Confident,4-7,Partially,Job Ready
Sujit,1st Year,B.Com,7.56,50-60,Beginner,Beginner,Beginner,Beginner,Beginner,1,No,No,No,Never,0,No,No,Very Low,Not confident,0,No,Not Job Ready
Sanket,1st Year,BSC Computer Science,5.56,20-30,Beginner,Beginner,Beginner,Beginner,Beginner,1,No,No,No,Rarely,0,Yes,No,Average,Not confident,0,No,Not Job Ready
Swayam,3rd Year,Other,7.39,80-90,Intermediate,Basic,Intermediate,Intermediate,Beginner,2,Yes,Yes,Yes,Never,26-50,Yes,No,Very Low,Not confident,0,Yes,Not Job Ready
Satyajeet ,4th Year,B.Tech,6.95,70-80,Intermediate,Intermediate,Intermediate,Basic,Basic,3,Yes,Yes,Yes,Sometimes,1-25,Yes,Yes,Low,Confident,1-3,Yes,Needs Improvement
Ishwari,2nd Year,B.E,9.56,80-90,Intermediate,Intermediate,Intermediate,Intermediate,Advanced,More than 3,Yes,Yes,Yes,Frequently,51-100,Yes,Yes,High,Neutral,1-3,Yes,Job Ready
Priti,3rd Year,BSC AIML,8.32,90-100,Advanced,Basic,Basic,Intermediate,Intermediate,2,Yes,Yes,Yes,Frequently,26-50,Yes,Yes,Average,Confident,0,Yes,Job Ready
Kiran ,1st Year,LLB,8.8,70-80,Basic,Basic,Basic,Basic,Advanced,More than 3,No,No,Yes,Rarely,More than 100,No,No,Average,Confident,4-7,No,Needs Improvement
Shruti ,4th Year,BSC Computer Science,9.0,90-100,Intermediate,Advanced,Intermediate,Intermediate,Advanced,3,No,No,No,Rarely,More than 100,Yes,Yes,High,Very Confident,More than 12 hours,Yes,Job Ready
Ram ,4th Year,B.Com,8.9,90-100,Basic,Basic,Basic,Basic,Beginner,More than 3,No,No,Yes,Never,0,Yes,Yes,High,Neutral,4-7,Yes,Not Job Ready
Sarthak ,2nd Year,BSC CDS,8.43,90-100,Advanced,Advanced,Advanced,Advanced,Advanced,More than 3,Yes,Yes,Yes,Regularly,More than 100,Yes,Yes,Very High,Very Confident,More than 12 hours,Yes,Job Ready
Karan ,4th Year,Other,7.0,50-60,Basic,Basic,Basic,Intermediate,Advanced,3,No,Yes,Yes,Never,0,Yes,Yes,Low,Neutral,1-3,Yes,Not Job Ready
Harsh ,4th Year,B.E,7.0,30-40,Intermediate,Intermediate,Basic,Intermediate,Intermediate,More than 3,Yes,Yes,Yes,Frequently,26-50,Yes,Yes,Very High,Confident,4-7,Partially,Needs Improvement
Sachin ,1st Year,B.Tech,7.0,90-100,Advanced,Advanced,Beginner,Intermediate,Basic,3,Yes,No,Yes,Sometimes,51-100,Yes,Yes,Low,Very Confident,More than 12 hours,Partially,Not Job Ready
Ankit,3rd Year,BCS,8.56,60-70,Intermediate,Intermediate,Beginner,Basic,Beginner,2,Yes,Yes,Yes,Sometimes,1-25,Yes,Yes,Average,Confident,0,Yes,Job Ready
Akshay,4th Year,B.E,7.94,90-100,Intermediate,Intermediate,Intermediate,Beginner,Basic,3,Yes,Yes,Yes,Regularly,51-100,Yes,Yes,Average,Confident,0,No,Job Ready
Soheb,1st Year,BSC CDS,8.43,80-90,Beginner,Beginner,Beginner,Beginner,Beginner,1,No,No,No,Sometimes,1-25,Yes,Yes,Average,Confident,0,No,Not Job Ready
Prem,1st Year,BSC Computer Science,5.67,80-90,Beginner,Beginner,Beginner,Beginner,Beginner,1,No,No,Yes,Sometimes,0,Yes,No,Very Low,Not confident,0,No,Not Job Ready
Zaid,4th Year,BSC IT,7.68,60-70,Basic,Beginner,Beginner,Beginner,Beginner,1,No,No,No,Never,0,Yes,No,Low,Not confident,0,Partially,Needs Improvement
Avesh,4th Year,B.Tech,8.43,80-90,Intermediate,Intermediate,Intermediate,Advanced,Advanced,More than 3,Yes,No,No,Frequently,51-100,Yes,Yes,High,Confident,1-3,Yes,Job Ready
Anjali,3rd Year,B.E,8.9,90-100,Advanced,Intermediate,Beginner,Basic,Basic,2,Yes,Yes,Yes,Sometimes,26-50,Yes,Yes,Average,Confident,1-3,Yes,Job Ready
Prerna,1st Year,LLB,6.78,40-50,Beginner,Beginner,Beginner,Beginner,Beginner,1,Yes,No,No,Never,0,Yes,Yes,Very Low,Not confident,0,Yes,Job Ready
Sarvesh,2nd Year,B.Tech,7.98,50-60,Beginner,Beginner,Beginner,Beginner,Beginner,1,Yes,No,No,Rarely,1-25,Yes,Yes,Average,Confident,0,No,Needs Improvement
Sarvesh,3rd Year,B.E,8.0,80-90,Basic,Beginner,Beginner,Basic,Basic,0,Yes,Yes,No,Rarely,0,Yes,Yes,Low,Confident,0,Yes,Needs Improvement
Simran,2nd Year,BSC CDS,7.76,70-80,Basic,Beginner,Beginner,Beginner,Beginner,0,Yes,Yes,No,Never,0,Yes,Yes,Low,Neutral,1-3,No,Needs Improvement
Kharanshu,2nd Year,B.Tech,9.67,90-100,Basic,Basic,Beginner,Basic,Basic,1,Yes,Yes,Yes,Sometimes,1-25,Yes,Yes,High,Very Confident,1-3,Yes,Job Ready
Sumit,3rd Year,B.Tech,6.78,80-90,Advanced,Basic,Basic,Intermediate,Advanced,0,Yes,Yes,No,Sometimes,51-100,Yes,Yes,High,Neutral,0,Yes,Job Ready
Babar,4th Year,B.Tech,8.34,70-80,Intermediate,Intermediate,Intermediate,Intermediate,Intermediate,0,Yes,Yes,Yes,Frequently,0,Yes,Yes,Very High,Confident,1-3,Yes,Job Ready
Tejaswi,2nd Year,BCS,7.48,70-80,Basic,Beginner,Beginner,Beginner,Beginner,0,Yes,Yes,No,Rarely,0,No,No,High,Neutral,0,Partially,Needs Improvement
Saurabh ,3rd Year,B.Tech,9.96,90-100,Advanced,Advanced,Advanced,Advanced,Advanced,2,Yes,Yes,Yes,Regularly,More than 100,Yes,Yes,Very High,Very Confident,0,Yes,Job Ready
Omkar,1st Year,Other,7.65,90-100,Beginner,Beginner,Beginner,Beginner,Beginner,0,Yes,Yes,Yes,Never,0,Yes,No,Average,Neutral,0,Partially,Needs Improvement
Vivek,2nd Year,BCS,8.56,70-80,Basic,Basic,Basic,Basic,Basic,1,Yes,Yes,No,Sometimes,26-50,Yes,Yes,Average,Confident,0,Yes,Job Ready
Bhaiya ,2nd Year,BSC AIML,9.99,90-100,Beginner,Beginner,Beginner,Beginner,Beginner,More than 3,Yes,Yes,Yes,Regularly,More than 100,Yes,Yes,Very High,Very Confident,More than 12 hours,Yes,Needs Improvement
Suka sheth,2nd Year,BSC AIML,8.22,80-90,Advanced,Intermediate,Basic,Beginner,Beginner,2,Yes,Yes,Yes,Rarely,More than 100,Yes,Yes,Very High,Very Confident,More than 12 hours,Partially,Job Ready
Aliya bhat,2nd Year,BSC AIML,8.0,70-80,Basic,Beginner,Basic,Basic,Basic,2,Yes,Yes,Yes,Sometimes,More than 100,Yes,Yes,Average,Confident,More than 12 hours,Partially,Job Ready
Kiara advani,2nd Year,BSC AIML,9.0,90-100,Beginner,Beginner,Beginner,Beginner,Beginner,2,Yes,Yes,Yes,Frequently,51-100,Yes,Yes,Low,Confident,More than 12 hours,Yes,Needs Improvement
Bhagyshri ,4th Year,BSC AIML,7.84,90-100,Beginner,Beginner,Beginner,Beginner,Beginner,More than 3,Yes,Yes,Yes,Rarely,More than 100,Yes,Yes,Average,Confident,More than 12 hours,Partially,Not Job Ready
Kriti Sanon ,3rd Year,BSC AIML,8.5,1-10,Basic,Beginner,Beginner,Beginner,Intermediate,1,Yes,Yes,Yes,Rarely,More than 100,Yes,Yes,Very Low,Not confident,8-12,Partially,Job Ready
Pooja Hegde ,1st Year,BSC AIML,9.2,20-30,Basic,Basic,Basic,Basic,Basic,2,Yes,Yes,Yes,Sometimes,26-50,Yes,Yes,Low,Confident,4-7,Partially,Needs Improvement
Disha patani,1st Year,BSC AIML,10.0,30-40,Beginner,Basic,Basic,Basic,Intermediate,2,Yes,Yes,Yes,Rarely,26-50,Yes,Yes,High,Confident,4-7,Yes,Not Job Ready
Tamanaa ,2nd Year,BSC AIML,7.55,50-60,Basic,Basic,Basic,Basic,Basic,2,Yes,Yes,Yes,Rarely,26-50,Yes,Yes,Average,Confident,4-7,Partially,Not Job Ready
Rakhi s,2nd Year,BSC Computer Science,7.5,90-100,Basic,Basic,Basic,Basic,Basic,More than 3,No,No,No,Regularly,More than 100,No,No,Very Low,Very Confident,More than 12 hours,No,Needs Improvement
Varun,3rd Year,BSC IT,8.65,60-70,Intermediate,Beginner,Beginner,Intermediate,Advanced,2,Yes,Yes,Yes,Frequently,51-100,Yes,Yes,Average,Confident,1-3,Yes,Job Ready
Raj,3rd Year,BCA,7.89,90-100,Basic,Basic,Beginner,Beginner,Advanced,2,Yes,Yes,No,Regularly,0,Yes,Yes,High,Confident,1-3,Yes,Needs Improvement
Atharv,3rd Year,B.E,8.68,70-80,Beginner,Beginner,Beginner,Beginner,Beginner,0,Yes,No,No,Sometimes,0,Yes,Yes,Average,Confident,0,Yes,Needs Improvement
Sumedh,4th Year,B.Tech,8.45,90-100,Advanced,Beginner,Beginner,Beginner,Intermediate,2,Yes,Yes,Yes,Frequently,51-100,Yes,Yes,High,Neutral,0,Yes,Job Ready
Pranav,2nd Year,B.Tech,7.9,70-80,Basic,Basic,Beginner,Beginner,Basic,0,Yes,Yes,No,Rarely,1-25,Yes,Yes,Average,Neutral,0,Yes,Job Ready
Shreya,3rd Year,BSC IT,8.97,80-90,Intermediate,Beginner,Basic,Basic,Basic,0,Yes,Yes,No,Rarely,0,Yes,Yes,Average,Confident,1-3,Yes,Needs Improvement
Shivtej,1st Year,BCS,7.65,60-70,Beginner,Beginner,Beginner,Beginner,Beginner,0,Yes,Yes,No,Rarely,0,No,No,Average,Neutral,0,Partially,Not Job Ready
Sukesh,2nd Year,BCS,8.76,80-90,Intermediate,Intermediate,Intermediate,Intermediate,Basic,1,Yes,Yes,Yes,Sometimes,26-50,Yes,Yes,Average,Confident,1-3,Yes,Needs Improvement
Samaira,4th Year,B.Tech,9.02,90-100,Advanced,Basic,Beginner,Intermediate,Intermediate,1,Yes,Yes,Yes,Frequently,1-25,Yes,Yes,Average,Neutral,0,Yes,Job Ready
Pratiksha,4th Year,B.Tech,8.54,80-90,Advanced,Beginner,Beginner,Basic,Intermediate,1,Yes,Yes,No,Sometimes,26-50,Yes,Yes,Average,Very Confident,1-3,Yes,Job Ready
Sakshi,3rd Year,BCA,7.65,80-90,Intermediate,Intermediate,Beginner,Beginner,Intermediate,1,Yes,Yes,Yes,Sometimes,1-25,Yes,Yes,Average,Confident,0,Yes,Job Ready
Divyam Subudhi ,2nd Year,BSC IT,8.93,70-80,Advanced,Advanced,Basic,Basic,Beginner,More than 3,No,Yes,Yes,Regularly,More than 100,Yes,No,High,Very Confident,1-3,Partially,Needs Improvement
Sahil suryabhan galande ,2nd Year,BSC IT,8.55,60-70,Basic,Basic,Basic,Basic,Basic,1,No,No,No,Rarely,1-25,Yes,No,Average,Neutral,1-3,Partially,Needs Improvement
Navanath KAMLAKAR RASAL ,2nd Year,BSC IT,7.0,70-80,Intermediate,Intermediate,Intermediate,Basic,Basic,2,No,No,No,Rarely,26-50,Yes,No,Average,Confident,4-7,Yes,Job Ready
Darshan jaywant suplekar ,2nd Year,BSC IT,8.64,80-90,Basic,Basic,Beginner,Beginner,Beginner,0,Yes,No,No,Never,1-25,No,No,Low,Confident,0,Partially,Not Job Ready
Simran,4th Year,B.Tech,7.89,70-80,Intermediate,Beginner,Beginner,Basic,Intermediate,1,Yes,Yes,Yes,Sometimes,26-50,Yes,Yes,High,Neutral,1-3,Yes,Not Job Ready
Seema,3rd Year,BCA,8.0,60-70,Intermediate,Beginner,Beginner,Beginner,Intermediate,0,Yes,Yes,Yes,Sometimes,26-50,Yes,Yes,High,Confident,1-3,Yes,Job Ready
Shakti,1st Year,BCS,9.07,90-100,Beginner,Beginner,Beginner,Beginner,Beginner,1,Yes,Yes,Yes,Frequently,26-50,Yes,Yes,High,Confident,0,Yes,Not Job Ready
Swayam,3rd Year,B.E,8.95,80-90,Advanced,Basic,Beginner,Beginner,Intermediate,2,Yes,Yes,Yes,Sometimes,1-25,Yes,Yes,Average,Confident,0,Yes,Job Ready
Sukhvinder ,4th Year,B.Tech,8.43,90-100,Advanced,Advanced,Advanced,Advanced,Advanced,2,No,Yes,Yes,Sometimes,More than 100,Yes,Yes,Average,Neutral,0,Yes,Job Ready
Sameer,3rd Year,BSC IT,8.67,90-100,Intermediate,Beginner,Beginner,Beginner,Advanced,0,Yes,Yes,No,Regularly,51-100,Yes,Yes,High,Confident,1-3,Yes,Job Ready
Swaraj,1st Year,BCS,8.97,90-100,Beginner,Beginner,Beginner,Beginner,Basic,1,No,Yes,No,Sometimes,0,Yes,No,High,Confident,0,No,Needs Improvement
Shyam ,3rd Year,BSC Computer Science,7.89,60-70,Basic,Beginner,Beginner,Beginner,Basic,2,Yes,Yes,Yes,Sometimes,0,Yes,No,Very Low,Confident,1-3,Yes,Needs Improvement
Harsh,4th Year,BSC Computer Science,8.9,80-90,Intermediate,Intermediate,Intermediate,Intermediate,Intermediate,0,Yes,Yes,Yes,Sometimes,26-50,Yes,Yes,Average,Confident,4-7,Yes,Job Ready
Ayush,4th Year,B.Tech,7.68,70-80,Advanced,Advanced,Advanced,Advanced,Advanced,2,Yes,Yes,Yes,Sometimes,1-25,Yes,Yes,High,Confident,0,Yes,Job Ready
Ganesh,2nd Year,BSC CDS,7.9,30-40,Beginner,Beginner,Beginner,Beginner,Beginner,0,No,No,No,Never,0,No,No,Very Low,Not confident,0,No,Not Job Ready
Abhishek,4th Year,B.Tech,7.65,60-70,Intermediate,Basic,Basic,Intermediate,Intermediate,1,Yes,Yes,Yes,Sometimes,1-25,Yes,Yes,Average,Confident,1-3,Yes,Job Ready
Ruturaj,4th Year,B.Tech,9.64,70-80,Intermediate,Intermediate,Advanced,Intermediate,Advanced,More than 3,Yes,Yes,Yes,Frequently,1-25,Yes,Yes,High,Neutral,4-7,Yes,Job Ready
Mahendra,4th Year,B.Tech,10.0,90-100,Advanced,Advanced,Advanced,Advanced,Advanced,More than 3,Yes,Yes,Yes,Regularly,More than 100,Yes,Yes,Very High,Very Confident,More than 12 hours,Yes,Job Ready
Zaheer,4th Year,B.E,8.76,80-90,Intermediate,Intermediate,Intermediate,Intermediate,Intermediate,0,Yes,Yes,Yes,Sometimes,26-50,Yes,Yes,Average,Neutral,0,Yes,Job Ready
Saksham,4th Year,BSC AIML,8.78,90-100,Advanced,Advanced,Advanced,Advanced,Advanced,More than 3,Yes,Yes,Yes,Sometimes,1-25,Yes,Yes,Average,Very Confident,0,Yes,Job Ready
Saurabh ,4th Year,B.Tech,9.98,90-100,Advanced,Advanced,Advanced,Advanced,Advanced,More than 3,Yes,Yes,Yes,Sometimes,More than 100,Yes,Yes,Very High,Very Confident,More than 12 hours,Yes,Job Ready
Jaspreet ,3rd Year,BSC Computer Science,8.99,70-80,Basic,Basic,Basic,Basic,Intermediate,1,Yes,Yes,Yes,Frequently,1-25,Yes,Yes,Average,Confident,1-3,Partially,Job Ready
Arshdeep ,3rd Year,BCS,7.98,80-90,Intermediate,Intermediate,Beginner,Beginner,Basic,1,Yes,Yes,Yes,Frequently,1-25,Yes,Yes,Average,Confident,0,Yes,Job Ready
Alok,1st Year,BSC AIML,8.9,80-90,Beginner,Beginner,Basic,Beginner,Beginner,1,No,Yes,No,Sometimes,0,Yes,No,Very Low,Not confident,0,Yes,Not Job Ready
Sampat,2nd Year,BSC IT,6.79,40-50,Basic,Basic,Basic,Basic,Basic,0,No,No,No,Never,0,Yes,No,Very Low,Confident,0,Partially,Not Job Ready
Ayesha,3rd Year,BSC Computer Science,8.9,80-90,Intermediate,Basic,Basic,Basic,Beginner,0,Yes,Yes,Yes,Regularly,1-25,Yes,No,Average,Confident,0,Yes,Job Ready
Saransh,2nd Year,B.E,8.94,70-80,Intermediate,Intermediate,Intermediate,Intermediate,Intermediate,2,Yes,Yes,Yes,Sometimes,0,Yes,Yes,Average,Neutral,0,Partially,Job Ready
Siraj,4th Year,B.Tech,8.45,80-90,Intermediate,Intermediate,Intermediate,Intermediate,Intermediate,0,Yes,Yes,No,Sometimes,1-25,Yes,Yes,Average,Confident,0,Yes,Job Ready
Satvik,3rd Year,Other,7.89,50-60,Basic,Beginner,Beginner,Beginner,Beginner,0,Yes,Yes,No,Sometimes,26-50,Yes,Yes,Average,Not confident,0,Yes,Needs Improvement
Yash,3rd Year,B.E,7.06,80-90,Basic,Basic,Basic,Basic,Basic,1,Yes,Yes,Yes,Sometimes,1-25,Yes,Yes,Average,Confident,0,Yes,Needs Improvement
Anamika,3rd Year,BCS,6.91,10-20,Beginner,Beginner,Basic,Basic,Beginner,1,Yes,Yes,Yes,Rarely,1-25,Yes,Yes,Average,Neutral,1-3,Partially,Needs Improvement
Shrushti ,3rd Year,BCA,86.0,70-80,Intermediate,Basic,Intermediate,Basic,Intermediate,2,Yes,Yes,Yes,Rarely,51-100,Yes,Yes,Average,Neutral,4-7,Partially,Needs Improvement
Kartiki,4th Year,LLB,7.0,60-70,Basic,Basic,Basic,Basic,Basic,1,Yes,Yes,Yes,Rarely,51-100,Yes,Yes,Average,Confident,8-12,Partially,Needs Improvement
Jayshri ,1st Year,B.Com,8.0,60-70,Basic,Basic,Basic,Basic,Intermediate,2,No,No,No,Rarely,51-100,Yes,Yes,Average,Confident,8-12,Partially,Needs Improvement
Meghna ,4th Year,B.E,6.0,50-60,Basic,Basic,Basic,Basic,Basic,1,Yes,Yes,No,Sometimes,51-100,Yes,Yes,Average,Confident,8-12,Partially,Needs Improvement
Krishna,2nd Year,B.Com,5.0,60-70,Basic,Basic,Basic,Basic,Basic,2,No,No,Yes,Sometimes,1-25,No,No,Average,Confident,1-3,Yes,Not Job Ready
Suraj,2nd Year,BCS,7.0,70-80,Intermediate,Basic,Intermediate,Intermediate,Basic,1,Yes,Yes,Yes,Rarely,51-100,Yes,Yes,Very Low,Not confident,8-12,Partially,Needs Improvement
Girija ,3rd Year,BSC IT,7.0,70-80,Intermediate,Basic,Basic,Basic,Basic,1,Yes,Yes,Yes,Sometimes,51-100,Yes,Yes,Average,Neutral,4-7,Yes,Needs Improvement
Dipak,3rd Year,BCS,6.0,60-70,Basic,Basic,Basic,Basic,Basic,2,Yes,Yes,Yes,Rarely,51-100,Yes,Yes,Average,Confident,4-7,Partially,Needs Improvement
Darshan ,3rd Year,B.Com,7.0,60-70,Basic,Basic,Basic,Basic,Basic,1,Yes,Yes,Yes,Sometimes,26-50,Yes,Yes,Average,Not confident,8-12,Partially,Needs Improvement
Ishwar,3rd Year,B.Com,6.0,50-60,Intermediate,Basic,Basic,Basic,Basic,2,Yes,Yes,Yes,Sometimes,51-100,Yes,Yes,Average,Confident,4-7,Yes,Needs Improvement
Samppriya,2nd Year,Other,9.88,60-70,Basic,Beginner,Intermediate,Beginner,Beginner,More than 3,Yes,Yes,Yes,Frequently,26-50,Yes,Yes,Average,Confident,4-7,Partially,Needs Improvement
Priya,3rd Year,BCA,8.8,70-80,Basic,Basic,Basic,Intermediate,Basic,2,Yes,Yes,Yes,Frequently,51-100,Yes,Yes,Average,Confident,4-7,Partially,Not Job Ready
Shruti,3rd Year,B.Com,6.0,50-60,Basic,Basic,Basic,Intermediate,Basic,1,No,No,No,Rarely,26-50,No,No,High,Confident,8-12,Yes,Needs Improvement
Akhilesh ,3rd Year,BCS,8.9,50-60,Basic,Basic,Basic,Basic,Beginner,2,No,No,No,Rarely,26-50,No,Yes,Low,Not confident,1-3,Partially,Needs Improvement
Aditi,4th Year,B.Tech,8.8,60-70,Intermediate,Basic,Basic,Basic,Basic,1,No,No,No,Sometimes,51-100,Yes,Yes,Average,Neutral,8-12,No,Needs Improvement
Vaishnavi ,2nd Year,BCS,8.8,60-70,Intermediate,Basic,Basic,Basic,Basic,1,No,No,No,Frequently,26-50,Yes,No,Average,Neutral,4-7,Yes,Needs Improvement
Om,2nd Year,BCS,8.0,80-90,Basic,Intermediate,Intermediate,Advanced,Intermediate,2,Yes,Yes,Yes,Frequently,26-50,Yes,Yes,Low,Confident,8-12,Yes,Needs Improvement
Ankita,2nd Year,LLB,9.0,50-60,Basic,Basic,Intermediate,Intermediate,Beginner,1,Yes,No,No,Rarely,51-100,No,Yes,Low,Not confident,4-7,Partially,Needs Improvement
